firm,phone,city,state,source_url
"Culmer & Davidson","(321) 638-2002","Rockledge","FL","https://www.floridabar.org/directories/find-mbr/profile/?num=366780"
"Dubiner & Wilensky LLC","(561) 655-0150","Wellington","FL","https://www.floridabar.org/directories/find-mbr/profile/?num=290221"
"Harold H Weisman PA","(561) 498-0017","Delray Beach","FL","https://www.floridabar.org/directories/find-mbr/profile/?num=884049"
"Attorney Andrea W. Cooper, PLLC","(817) 695-2993","Arlington","TX","https://www.lawyer.com/firm/attorney-andrea-w-cooper-pllc.html"
"Birch Tree Law, PC","(503) 585-7777","Salem","OR","https://www.lawyer.com/firm/birch-tree-law-pc.html"
"Dan Connell, P.C. Attorney at Law","(712) 732-6371","Storm Lake","IA","https://www.lawyer.com/firm/dan-connell-p-c-ia.html"
"Eugene H. Frost, PLLC","(540) 786-4772","Fredericksburg","VA","https://www.lawyer.com/firm/eugene-h-frost-pllc.html"
"Holland Baugh Law Firm, ALC","(318) 323-2930","West Monroe","LA","https://www.lawyer.com/firm/holland-baugh-law-firm-alc.html"
"Hussmann Rogers Law LLC","(217) 446-9436","Danville","IL","https://www.lawyer.com/firm/hussmann-rogers-law-llc.html"
"J. Douglas Stewart Attorney at Law","(614) 864-1054","Reynoldsburg","OH","https://www.lawyer.com/firm/j-douglas-stewart.html"
"James C. Garner, LLC, Attorney at Law","(478) 353-8651","Dublin","GA","https://www.lawyer.com/firm/james-c-garner-llc.html"
"John R Williams & Associates","(203) 562-9931","New Haven","CT","https://www.lawyer.com/firm/john-r-williams-and-associates.html"
"Law Office of Benjamin S. Werbling, PLLC","(248) 506-0291","Oak Park","MI","https://www.lawyer.com/firm/law-office-of-benjamin-s-werbling-pllc.html"
"Law Office of Joseph T. Todoroff, PC","(530) 823-9759","Auburn","CA","https://www.lawyer.com/firm/law-office-of-joseph-t-todoroff-pc.html"
"Law Office of Linda Thomson","(817) 267-7770","Fort Worth","TX","https://www.lawyer.com/firm/law-office-of-linda-thomson.html"
"Law Office of Manvir Sekhon","(916) 235-8825","Elk Grove","CA","https://www.lawyer.com/firm/law-office-of-manvir-sekhon.html"
"Law Office of Marc Roberts","(717) 843-1639","York","PA","https://www.lawyer.com/firm/law-office-of-marc-roberts.html"
"Law Office of Phillip W. Morris","(281) 992-1600","Friendswood","TX","https://www.lawyer.com/firm/law-office-of-phillip-w-morris.html"
"Law Office of Richard P. Nedlin","(970) 236-6875","Aspen","CO","https://www.lawyer.com/firm/law-office-of-richard-p-nedlin.html"
"Law Office of Sandra Thompson LLC","(717) 577-4436","York","PA","https://www.lawyer.com/firm/law-office-of-sandra-thompson-llc.html"
"Law Office of Susan Sernak-Martinelli","(570) 359-2647","Hazleton","PA","https://www.lawyer.com/firm/law-office-of-susan-sernak-martinelli.html"
"Law Office of William Pager","(718) 998-1010","Brooklyn","NY","https://www.lawyer.com/firm/law-office-of-william-pager.html"
"Law Offices of Catherine Grant Wieder","(562) 404-4039","Long Beach","CA","https://www.lawyer.com/firm/law-offices-of-catherine-grant-wieder.html"
"Law Offices Of Marisa-Andrea Moore","(308) 646-0096","Grand Island","NE","https://www.lawyer.com/firm/law-offices-of-marisa-andrea-moore-ne.html"
"Law Offices of Mitchell A. Stern","(216) 861-0006","Euclid","OH","https://www.lawyer.com/firm/law-offices-of-mitchell-a-stern.html"
"Law Offices of Naser J. Khoury","(818) 654-0001","Van Nuys","CA","https://www.lawyer.com/firm/law-offices-of-naser-j-khoury-ca.html"
"Law Offices of Richard H Mylin III","(717) 848-4722","York","PA","https://www.lawyer.com/firm/law-offices-of-richard-h-mylin-iii-pa.html"
"Law Offices of Stephanie M. Gwyn, LLC","(262) 764-5036","Kenosha","WI","https://www.lawyer.com/firm/law-offices-of-stephanie-m-gwyn-llc.html"
"Marinaro Tyler Law","(386) 473-3729","DeLand","FL","https://www.lawyer.com/firm/marinaro-tyler-law.html"
"Shoen Legal Services","(603) 692-5286","Somersworth","NH","https://www.lawyer.com/firm/shoen-legal-services.html"
"Susan R Chrzanowski PLLC","(586) 801-3558","Utica","MI","https://www.lawyer.com/firm/susan-r-chrzanowski-pllc-mi.html"
"Tania Ramirez Law Group PLLC","(956) 777-8785","McAllen","TX","https://www.lawyer.com/firm/tania-ramirez-law-group.html"
"The Joe Viacava Law Firm","(239) 288-5969","Fort Myers","FL","https://www.lawyer.com/firm/the-joe-viacava-law-firm.html"
"The Law Office of Matthew A. Funke","(248) 820-6792","Lapeer","MI","https://www.lawyer.com/firm/law-offices-of-matthew-a-funke.html"
"The Law Office of Meredith Smith Jimmerson, PLLC","(434) 848-3265","Lawrenceville","VA","https://www.lawyer.com/firm/the-law-office-of-meredith-smith-jimmerson-pllc.html"
"The Law Office of Robert J. Burke II, LLC","(401) 256-9412","Central Falls","RI","https://www.lawyer.com/firm/the-law-office-of-robert-j-burke-ii-llc.html"
"The Law Offices of Dani A. Jajou, PLLC","(248) 985-3232","Farmington Hills","MI","https://www.lawyer.com/firm/the-law-offices-of-dani-a-jajou.html"
"The Law Offices of Naomi Nguyen","(714) 721-7892","Santa Ana","CA","https://www.lawyer.com/firm/law-offices-of-naomi-nguyen.html"
"The Law Offices of Stanley P. Kupfer, P.C.","(718) 435-1001","Brooklyn","NY","https://www.lawyer.com/firm/the-law-offices-of-stanley-p-kupfer-p-c.html"
"The Tyson Legal Team, PLC","(757) 723-8500","Hampton","VA","https://www.lawyer.com/firm/the-tyson-legal-team-plc.html"
"Troy K. Walker, P.C.","(801) 553-1700","Draper","UT","https://www.lawyer.com/firm/troy-k-walker-p-c.html"
"A Professional Law Corporation","(504) 362-2223","Harvey","LA","https://www.lawyer.com/firm/a-professional-law-corporation.html"
"Allied Legal Partners","(412) 508-0056","Pittsburgh","PA","https://www.lawyer.com/firm/allied-legal-partners.html"
"Amy F. Hugie, Attorney at Law","(435) 734-0655","Brigham City","UT","https://www.lawyer.com/firm/amy-f-hugie.html"
"Armbrecht Jackson LLP","(251) 970-1506","Foley","AL","https://www.lawyer.com/firm/armbrecht-jackson-llp-al.html"
"Attorney David F. Neilsen, LLC","(440) 946-9469","Willoughby","OH","https://www.lawyer.com/firm/attorney-david-f-neilsen-llc-oh.html"
"Blodget Immigration Law","(503) 479-7555","Happy Valley","OR","https://www.lawyer.com/firm/blodget-immigration-law.html"
"Blythe, Walker and Associates, APLC","(760) 808-1245","Palm Springs","CA","https://www.lawyer.com/firm/blythe-walker-and-associates-aplc.html"
"C Robert Manby Jr PC","(802) 295-9347","White River Junction","VT","https://www.lawyer.com/firm/c-robert-manby-jr-pc.html"
"Caulkins & Bruce PC","(703) 558-3670","Arlington","VA","https://www.lawyer.com/firm/caulkins-bruce-pc.html"
"Christopher T. Smith Law","(317) 477-2777","Greenfield","IN","https://www.lawyer.com/firm/christopher-t-smith-law.html"
"CKL Law Group LLP","(856) 219-2442","Marlton","NJ","https://www.lawyer.com/firm/ckl-law-group-llp.html"
"Connecticut Legal Services Inc","(203) 237-7896","Meriden","CT","https://www.lawyer.com/firm/connecticut-legal-services-inc.html"
"Cosme Bravo Law Firm, LLC","(973) 817-9000","Newark","NJ","https://www.lawyer.com/firm/cosme-bravo-law-firm-llc.html"
"Cravins Trosclair, APLC","(337) 948-3007","Opelousas","LA","https://www.lawyer.com/firm/cravins-trosclair-aplc.html"
"Davis Law Office, PLC","(515) 505-8927","Des Moines","IA","https://www.lawyer.com/firm/davis-law-office-plc.html"
"Deborah Wolf Miller, Attorney at Law","(607) 277-0272","Ithaca","NY","https://www.lawyer.com/firm/deborah-wolf-miller.html"
"Deloso Penacho Law, PC","(760) 487-1120","Encinitas","CA","https://www.lawyer.com/firm/deloso-penacho-law.html"
"Desert Elder Law","(760) 270-9285","Palm Springs","CA","https://www.lawyer.com/firm/desert-elder-law.html"
"Douglas R Swatosh PC","(734) 955-9088","Romulus","MI","https://www.lawyer.com/firm/douglas-r-swatosh-pc.html"
"Eric Dillon Law Firm, PLLC","(601) 906-5336","Ridgeland","MS","https://www.lawyer.com/firm/eric-dillon-law-firm.html"
"Faust, Fulker, & Schlemmer LLP","(937) 335-8324","Troy","OH","https://www.lawyer.com/firm/faust-fulker-and-schlemmer-llp.html"
"HoustonHogle, LLP","(781) 863-9991","Lexington","MA","https://www.lawyer.com/firm/houstonhogle-llp.html"
"HUGH ANTHONY LEVINE ATTORNEY-AT-LAW","(415) 732-6101","Redwood City","CA","https://www.lawyer.com/firm/hugh-anthony-levine-attorney-at-law-ca.html"
"Isola Law Group, LLP","(209) 367-7055","Lodi","CA","https://www.lawyer.com/firm/isola-law-group-llp.html"
"Jaci Tackett Law PLLC","(712) 318-5218","Council Bluffs","IA","https://www.lawyer.com/firm/jaci-tackett-law-pllc.html"
"Joann M Hennessey, PL","(305) 639-8791","Miami","FL","https://www.lawyer.com/firm/joann-m-hennessey-pl.html"
"John Scott","(540) 489-8940","Rocky Mount","VA","https://www.lawyer.com/firm/john-scott.html"
"Johnson & Kinzel","(620) 241-4533","McPherson","KS","https://www.lawyer.com/firm/johnson-and-kinzel.html"
"Kathryn E Steelman PC","(970) 247-2926","Durango","CO","https://www.lawyer.com/firm/kathryn-e-steelman-pc.html"
"Kellie a Vazzano LLC","(203) 378-3331","Trumbull","CT","https://www.lawyer.com/firm/kellie-a-vazzano-llc-ct.html"
"Lamb and McNaughton PC","(802) 885-2240","Springfield","VT","https://www.lawyer.com/firm/lamb-and-mcnaughton-pc.html"
"Law Office of Adel A. Chahine","(718) 777-7727","Astoria","NY","https://www.lawyer.com/firm/law-office-of-adel-a-chahine.html"
"Law Office of Andrew Gebelt","(425) 398-2778","Renton","WA","https://www.lawyer.com/firm/law-office-of-andrew-gebelt.html"
"Law Office of Brandy L. Dupuis, LLC","(337) 385-2271","Abbeville","LA","https://www.lawyer.com/firm/law-office-of-brandy-l-dupuis-llc-la.html"
"Law Office of Brent B. Ivy, PLLC","(936) 564-1825","Nacogdoches","TX","https://www.lawyer.com/firm/law-office-of-brent-b-ivy-pllc.html"
"Law Office Of Christy L. Gubbels","(530) 342-8888","Chico","CA","https://www.lawyer.com/firm/law-office-of-christy-l-gubbels.html"
"Law Office of David Ahrens LLC","(303) 834-9726","Longmont","CO","https://www.lawyer.com/firm/law-office-of-david-ahrens-llc.html"
"Law Office of Dennis Eoffe","(626) 943-1683","","","https://www.lawyer.com/firm/law-office-of-dennis-eoffe.html"
"Law Office Of Eric I. Frankie PLC","(248) 219-9205","Detroit","MI","https://www.lawyer.com/firm/law-office-of-eric-i-frankie-plc.html"
"Law Office of Heidi J Elkins","(972) 422-9170","Allen","TX","https://www.lawyer.com/firm/law-office-of-heidi-j-elkins.html"
"Law Office of Helen Huynh","(408) 998-4185","San Jose","CA","https://www.lawyer.com/firm/law-office-of-helen-huynh.html"
"Law Office of Janice Munoz","(310) 802-6400","Redondo Beach","CA","https://www.lawyer.com/firm/law-office-of-janice-munoz.html"
"Law Office of Jason D. Westerfeld","(661) 381-1479","Bakersfield","CA","https://www.lawyer.com/firm/law-office-of-jason-d-westerfeld.html"
"Law Office of Jay Vincent","(307) 463-9069","Riverton","WY","https://www.lawyer.com/firm/jay-e-vincent-law-office.html"
"Law Office of Jeff Raven","(916) 300-1600","Woodland","CA","https://www.lawyer.com/firm/law-office-of-jeff-raven.html"
"Law Office of Jennifer Dixon","(707) 599-1790","Eureka","CA","https://www.lawyer.com/firm/law-office-of-jennifer-dixon.html"
"Law Office of John P Rowland","(609) 312-3488","Vineland","NJ","https://www.lawyer.com/firm/law-office-of-john-p-rowland-vineland-nj.html"
"Law Office of Karin Tan","(949) 346-1054","Santa Ana","CA","https://www.lawyer.com/firm/law-office-of-karin-tan.html"
"Law Office of Kelly A-R McCurley","(719) 488-2425","Monument","CO","https://www.lawyer.com/firm/law-office-of-kelly-a-r-mccurley.html"
"Law Office of Laura E. Holck","(760) 728-1154","Fallbrook","CA","https://www.lawyer.com/firm/law-office-of-laura-e-holck-ca.html"
"Law Office of Laurie A. Dinius-Perez, PLLC","(208) 388-3474","Boise","ID","https://www.lawyer.com/firm/law-office-of-laurie-a-dinius-perez-pllc.html"
"Law Office of Maureen K. Llanas","(210) 545-0050","Boerne","TX","https://www.lawyer.com/firm/law-office-of-maureen-k-llanas.html"
"Law Office of Michael Hollinger","(610) 393-4838","Reading","PA","https://www.lawyer.com/firm/law-office-of-michael-hollinger.html"
"Law Office of Minerva Garza PLLC","(956) 487-7131","Rio Grande City","TX","https://www.lawyer.com/firm/law-office-of-minerva-garza-pllc.html"
"Law Office of Nini Lee, Inc.","(209) 726-0777","Merced","CA","https://www.lawyer.com/firm/law-office-of-nini-lee-inc-a-professional-law-corp.html"
"Law Office of Patrick Dougherty, LLC.","(724) 349-8588","Indiana","PA","https://www.lawyer.com/firm/law-office-of-patrick-dougherty.html"
"Law Office of RaeAnn E. Persell","(206) 650-7979","Seattle","WA","https://www.lawyer.com/firm/law-office-of-raeann-e-persell.html"
"Law Office of Richard A. Cantu, P.C.","(956) 297-3335","Mission","TX","https://www.lawyer.com/firm/law-office-of-richard-a-cantu-p-c.html"
"Law Office of Richard M. Levy, LLC","(860) 370-4949","Cheshire","CT","https://www.lawyer.com/firm/law-office-of-richard-m-levy-llc.html"
"Law Office of Sean M Pease, P.C.","(315) 991-8519","Liverpool","NY","https://www.lawyer.com/firm/law-office-of-sean-m-pease-p-c-ny.html"
"Law Office of Shane Adamson","(620) 392-4505","Parsons","KS","https://www.lawyer.com/firm/law-office-of-shane-adamson.html"
"Law Office of Terry Ray","(707) 646-1778","Vallejo","CA","https://www.lawyer.com/firm/law-office-of-terry-ray-ca.html"
"Law Offices of Anthony J. Szilagyi PLLC","(517) 487-7000","Lansing","MI","https://www.lawyer.com/firm/law-offices-of-anthony-j-szilagyi-pllc.html"
"Law Offices of Asher Toporovsky, Esq","(201) 645-1886","Teaneck","NJ","https://www.lawyer.com/firm/law-office-of-asher-toporovsky.html"
"Law Offices of Carl T Voss","(707) 387-9802","Santa Rosa","CA","https://www.lawyer.com/firm/law-offices-of-carl-t-voss.html"
"Law Offices of Christine B. Hill, Ltd.","(513) 217-4567","Middletown","OH","https://www.lawyer.com/firm/law-offices-of-christine-b-hill-ltd.html"
"Law Offices Of Damon E. Martin","(818) 646-2570","Van Nuys","CA","https://www.lawyer.com/firm/law-offices-of-damon-e-martin.html"
"Law Offices of David J. McCann","(712) 328-1571","Council Bluffs","IA","https://www.lawyer.com/firm/law-offices-of-david-j-mccann.html"
"Law Offices of Eric I Zucker","(508) 481-3095","Marlborough","MA","https://www.lawyer.com/firm/law-offices-of-eric-i-zucker-ma.html"
"Law Offices of Francis D. Mackin","(856) 988-7444","Marlton","NJ","https://www.lawyer.com/firm/law-offices-of-francis-d-mackin-nj.html"
"Law Offices of Jo Ellen Vork, PLLC","(602) 670-1340","Payson","AZ","https://www.lawyer.com/firm/law-offices-of-jo-ellen-vork-pllc-az.html"
"Law Offices of John Lee DePolo PLLC","(888) 622-4422","Bridgeport","WV","https://www.lawyer.com/firm/law-offices-of-john-lee-depolo-pllc.html"
"Law Offices of Miriam Gardner-Frum","(860) 440-3933","New London","CT","https://www.lawyer.com/firm/law-offices-of-miriam-gardner-frum.html"
"Law Offices of R. McKinley Carter, PS","(206) 341-9100","Bonney Lake","WA","https://www.lawyer.com/firm/law-offices-of-r-mckinley-carter-ps.html"
"Law Offices of Richard Koch","(717) 691-1882","Mechanicsburg","PA","https://www.lawyer.com/firm/law-offices-of-richard-koch.html"
"Law Offices of Rick L. Powell, P.C.","(682) 213-2055","Arlington","TX","https://www.lawyer.com/firm/law-offices-of-rick-l-powell-p-c.html"
"Law Offices of Robert C. Autieri","(978) 681-0737","North Andover","MA","https://www.lawyer.com/firm/law-offices-of-robert-c-autieri.html"
"Law Offices of Susan L. Kowalski, CFLS","(714) 209-7373","Tustin","CA","https://www.lawyer.com/firm/law-offices-of-susan-l-kowalski-cfls.html"
"Lawyers Concerned For Lawyers","(717) 737-9660","Camp Hill","PA","https://www.lawyer.com/firm/lawyers-concerned-for-lawyers.html"
"Lipman Antonelli Batt Dunlap Wodlinger & Gilson","(856) 692-8000","Vineland","NJ","https://www.lawyer.com/firm/lipman-antonelli-et-al.html"
"Maressa Patterson LLC","(856) 767-1471","Berlin","NJ","https://www.lawyer.com/firm/maressa-patterson-llc.html"
"Mark G. Williamson","(662) 323-4395","Starkville","MS","https://www.lawyer.com/firm/mark-g-williamson.html"
"Marsh Michael J Attorney","(419) 352-2518","Bowling Green","OH","https://www.justia.com/lawyers/ohio/bowling-green"
"Marsha Kraycir Law Offices","(734) 645-7595","Ypsilanti","MI","https://www.lawyer.com/firm/marsha-kraycir-law-offices.html"
"Maura A. Smith Law Offices LLC","(203) 801-0891","New Canaan","CT","https://www.lawyer.com/firm/maura-a-smith-law-offices-llc-ct.html"
"McElrath Legal Holdings LLC","(724) 349-2076","Indiana","PA","https://www.lawyer.com/firm/mcelrath-legal-holdings-llc.html"
"McElrath Legal Holdings LLC","(412) 765-3606","White Oak","PA","https://www.lawyer.com/firm/mcelrath-legal-holdings-llc.html"
"Melissa D. Johnson, PLLC","(804) 699-3580","Gloucester","VA","https://www.lawyer.com/firm/melissa-d-johnson-pllc.html"
"Monahan Hood","(509) 529-5700","Walla Walla","WA","https://www.lawyer.com/firm/monahan-hood.html"
"Musilli Brennan Associates PLLC","(586) 778-0900","St Clair Shores","MI","https://www.lawyer.com/firm/musilli-brennan-associates-pllc.html"
"Navajo-Hopi Legal Services","(928) 283-3300","Tuba City","AZ","https://www.lawyer.com/firm/navajo-hopi-legal-services.html"
"Paul P Baillargeon Inc","(401) 762-0434","North Smithfield","RI","https://www.lawyer.com/firm/paul-p-baillargeon-inc-ri.html"
"ROBERT E. DUNNE LAW OFFICES","(408) 348-5362","Los Gatos","CA","https://www.lawyer.com/firm/robert-e-dunne-law-offices.html"
"Ruby Mountain Law, Ltd.","(775) 777-5699","Elko","NV","https://www.lawyer.com/firm/ruby-mountain-law-ltd.html"
"Russell Gerney Attorney at Law","(304) 905-1512","Wheeling","WV","https://www.lawyer.com/firm/law-offices-of-russell-gerney.html"
"Ryan Associates LLC","(507) 932-4461","St Charles","MN","https://www.lawyer.com/firm/ryan-associates-llc.html"
"Saint Park LLP","(703) 599-8022","Detroit","MI","https://www.lawyer.com/firm/saint-park-llp.html"
"Smith Law Services","(812) 405-1800","Seymour","IN","https://www.lawyer.com/firm/smith-law-services.html"
"Smith Schafer Davis LLC","(402) 729-3331","Fairbury","NE","https://www.lawyer.com/firm/smith-schafer-davis-llc.html"
"Stan N. Miller, Attorney at Law","(765) 742-1772","Lafayette","IN","https://www.lawyer.com/firm/stan-n-miller.html"
"Tate & Tate Attorneys LLC","(513) 204-1441","Mason","OH","https://www.lawyer.com/firm/tate-and-tate-attorneys-llc.html"
"Taylor and Associates, PLLC","(800) 358-2287","Flagstaff","AZ","https://www.lawyer.com/firm/taylor-and-associates-pllc.html"
"The Law Firm of Toby Tran","(714) 965-4000","Fountain Valley","CA","https://www.lawyer.com/firm/the-law-firm-of-toby-tran.html"
"The Law Office of Andrea L. Davis, PLLC","(336) 257-1263","High Point","NC","https://www.lawyer.com/firm/the-law-office-of-andrea-l-davis-pllc.html"
"The Law Office of Brandace A. Witherspoon, PLLC","(507) 258-7979","Rochester","MN","https://www.lawyer.com/firm/the-law-office-of-brandace-a-witherspoon-pllc.html"
"The Law Office of Ismael Rodriguez","(559) 731-9757","Tulare","CA","https://www.lawyer.com/firm/law-office-of-ismael-rodriguez-ca.html"
"The Law Office of Joseph P. Lyons","(708) 986-0004","Oak Park","IL","https://www.lawyer.com/firm/the-law-office-of-joseph-p-lyons.html"
"The Law Office of Julianna Rivera, P.C.","(510) 473-2141","San Rafael","CA","https://www.lawyer.com/firm/the-law-office-of-julianna-rivera-p-c.html"
"The Law Office of Luisa Sinipata","(510) 279-4804","Milpitas","CA","https://www.lawyer.com/firm/law-office-of-luisa-sinipata-ca.html"
"The Law Office of Mark J. Leonardo","(310) 456-7373","Lancaster","CA","https://www.lawyer.com/firm/law-office-of-mark-j-leonardo-lancaster-ca.html"
"The Law Office of Melissa A. Brown, PLLC","(313) 473-9086","Wyandotte","MI","https://www.lawyer.com/firm/the-law-office-of-melissa-a-brown-pllc-mi.html"
"The Law Office of Terrence Jones","(213) 863-4490","Whittier","CA","https://www.lawyer.com/firm/the-law-office-of-terrence-jones.html"
"The Law Offices of John F. Stimson, LTD","(847) 676-1000","Skokie","IL","https://www.lawyer.com/firm/the-law-offices-of-john-f-stimson-ltd.html"
"The Law Offices of Katelyn E. Kelliher, PC","(508) 631-2311","Norwood","MA","https://www.lawyer.com/firm/the-law-offices-of-katelyn-e-kelliher.html"
"The Tosca Law Firm, PLC","(928) 274-9696","Cottonwood","AZ","https://www.lawyer.com/firm/the-tosca-law-firm-plc.html"
"Thomsen Soloveitzik","(401) 596-0225","Westerly","RI","https://www.lawyer.com/firm/law-offices-of-thomsen-soloveitzik.html"
"Wayne Paul Frank Attorneys","(817) 949-2161","Grapevine","TX","https://www.texasbar.com/AM/Template.cfm?template=/Customsource/MemberDirectory/MemberDirectoryDetail.cfm&ContactID=148666"
"William S Mills Law Office","(620) 241-7333","McPherson","KS","https://www.lawyer.com/firm/william-s-mills-law-office.html"
"Law Office of David Cassella","(508) 580-6711","Brockton","MA","https://www.lawyer.com/firm/law-office-of-david-cassella.html"
"Law Office of Jan S Brunet LLC","(985) 853-1963","Houma","LA","https://www.lawyer.com/firm/law-office-of-jan-s-brunet-llc.html"
